,Champion,G,PB%,B,G,By,W,L,WR,K,D,A,KDA,CS,CS/M,G,G/M,DMG,DMG/M,KPAR,KS,GS,As
0,Nunu,27,96.4%,9,18,6,12,6,66.7%,1.06,2.67,8.61,3.63,90.17,2.46,9.4,256,-,-,-,-,-,
1,Alistar,25,89.3%,12,13,4,8,5,61.5%,3.46,2.69,7.38,4.03,114,3.11,9.6,261,-,-,-,-,-,
2,Rumble,23,82.1%,21,2,2,2,0,100%,3.5,1.5,9,8.33,162,5.02,10.1,311,-,-,-,-,-,
3,Vladimir,22,78.6%,14,8,5,3,5,37.5%,4.5,3.5,3.88,2.39,224.63,5.99,11.2,298,-,-,-,-,-,
4,Twisted Fate,22,78.6%,18,4,2,2,2,50%,2,4.5,5.5,1.67,206.5,5.43,11.4,299,-,-,-,-,-,
5,Corki,20,71.4%,5,15,8,8,7,53.3%,4.67,2.73,4.27,3.27,266.13,7.07,12.6,334,-,-,-,-,-,
6,Jarvan IV,20,71.4%,7,13,5,8,5,61.5%,2.77,2.77,10,4.61,152.77,3.75,12.5,306,-,-,-,-,-,
7,Vayne,20,71.4%,12,8,5,4,4,50%,5.75,4.38,5.5,2.57,228.75,6.1,12.1,322,-,-,-,-,-,
8,Janna,19,67.9%,1,18,6,10,8,55.6%,0.28,2.33,9.5,4.19,25.06,0.63,8.1,204,-,-,-,-,-,
9,Ashe,19,67.9%,2,17,8,13,4,76.5%,4.29,2.18,7,5.19,244,6.26,13.2,340,-,-,-,-,-,
10,Nidalee,19,67.9%,15,4,3,3,1,75%,2.5,2,3.5,3,192.25,6.03,9.7,304,-,-,-,-,-,
11,Sona,18,64.3%,3,15,6,9,6,60%,0.53,1.93,8.53,4.69,17.93,0.47,7.7,203,-,-,-,-,-,
12,Amumu,18,64.3%,8,10,6,3,7,30%,1.3,4.1,6.7,1.95,114.7,2.94,9.3,240,-,-,-,-,-,
13,Malzahar,16,57.1%,-,16,6,9,7,56.3%,4.19,2.63,5.81,3.81,224.44,6.12,11.4,310,-,-,-,-,-,
14,Warwick,14,50%,3,11,7,6,5,54.5%,3,2.27,7,4.4,127.82,3.33,9.7,252,-,-,-,-,-,
15,Anivia,14,50%,5,9,4,5,4,55.6%,4.11,2,5.89,5,225.78,5.98,11.7,310,-,-,-,-,-,
16,Taric,13,46.4%,3,10,6,3,7,30%,0.8,3.6,6,1.89,22.3,0.59,7.5,199,-,-,-,-,-,
17,Annie,10,35.7%,2,8,5,4,4,50%,5.25,3.88,7.13,3.19,214.88,5.03,12.3,289,-,-,-,-,-,
18,Karthus,9,32.1%,3,6,4,2,4,33.3%,2.67,7.17,7.83,1.47,218.83,5.23,11.4,274,-,-,-,-,-,
19,Brand,8,28.6%,-,8,3,3,5,37.5%,3.38,2.75,4.38,2.82,213.25,5.41,10.7,272,-,-,-,-,-,
20,Miss Fortune,8,28.6%,-,8,4,2,6,25%,2.63,2.88,2.75,1.87,249.38,6.64,11.3,302,-,-,-,-,-,
21,Soraka,8,28.6%,1,7,5,2,5,28.6%,0.29,2.71,8.71,3.32,17.71,0.5,6.2,174,-,-,-,-,-,
22,Gragas,7,25%,3,4,3,3,1,75%,3.75,1,6.25,10,267,7.08,12.8,339,-,-,-,-,-,
23,Nocturne,7,25%,3,4,3,2,2,50%,3.25,2.75,7.25,3.82,159.5,3.51,12,264,-,-,-,-,-,
24,Irelia,7,25%,3,4,2,1,3,25%,5.5,3.25,6,3.54,262.25,5.69,14.1,306,-,-,-,-,-,
25,Zilean,7,25%,5,2,2,1,1,50%,5,1.5,8,8.67,208.5,5.01,12.4,299,-,-,-,-,-,
26,Akali,7,25%,6,1,1,1,0,100%,7,4,7,3.5,168,4.54,11.1,300,-,-,-,-,-,
27,Singed,6,21.4%,2,4,2,2,2,50%,3.5,2.25,8.75,5.44,251.25,6.15,13.2,322,-,-,-,-,-,
28,Swain,5,17.9%,-,5,4,2,3,40%,2.4,3,4.8,2.4,186.2,5.29,9.3,266,-,-,-,-,-,
29,Caitlyn,4,14.3%,-,4,3,0,4,0%,0.5,3.75,1.25,0.47,220.75,6.96,8.3,261,-,-,-,-,-,
30,Cho'Gath,3,10.7%,-,3,3,1,2,33.3%,1.33,1.67,2.33,2.2,209.33,6.27,9.6,289,-,-,-,-,-,
31,Tristana,3,10.7%,-,3,2,1,2,33.3%,5.67,4.33,0.67,1.46,221.67,6.52,10.9,320,-,-,-,-,-,
32,Trundle,3,10.7%,-,3,3,0,3,0%,0.67,3.33,2,0.8,81,2.76,5.7,194,-,-,-,-,-,
33,Mordekaiser,3,10.7%,2,1,1,1,0,100%,3,0,9,12,324,8.6,14.3,379,-,-,-,-,-,
34,Lee Sin,2,7.1%,-,2,2,1,1,50%,3,5,4,1.4,197,5.47,10.1,279,-,-,-,-,-,
35,Teemo,2,7.1%,-,2,1,1,1,50%,9,3,6.5,5.17,273.5,5.9,16.9,363,-,-,-,-,-,
36,Gangplank,1,3.6%,-,1,1,1,0,100%,3,0,10,13,120,4.15,9.1,315,-,-,-,-,-,
37,Sion,1,3.6%,-,1,1,1,0,100%,2,0,6,8,253,7.54,11.9,355,-,-,-,-,-,
38,Blitzcrank,1,3.6%,-,1,1,0,1,0%,8,4,17,6.25,253,4.71,15.3,285,-,-,-,-,-,
39,Dr. Mundo,1,3.6%,-,1,1,0,1,0%,0,3,1,0.33,167,5.35,6.6,211,-,-,-,-,-,
40,Garen,1,3.6%,-,1,1,0,1,0%,5,5,3,1.6,110,3.71,7.6,256,-,-,-,-,-,
41,Kassadin,1,3.6%,-,1,1,0,1,0%,3,3,0,1,166,5.6,7.4,250,-,-,-,-,-,
42,Lux,1,3.6%,-,1,1,0,1,0%,1,3,1,0.67,98,3.39,5.6,194,-,-,-,-,-,
43,Poppy,1,3.6%,-,1,1,0,1,0%,0,2,4,2,82,2.84,5.8,201,-,-,-,-,-,
44,Rammus,1,3.6%,-,1,1,0,1,0%,1,4,5,1.5,100,2.44,8.8,215,-,-,-,-,-,
45,Urgot,1,3.6%,-,1,1,0,1,0%,2,3,2,1.33,140,4.84,6.5,225,-,-,-,-,-,
46,Ezreal,28,90.3%,4,24,10,11,13,45.8%,4.17,2.42,6.67,4.48,269.63,7.63,12.2,346,-,-,-,-,-,
47,Jayce,26,83.9%,14,12,7,7,5,58.3%,2.67,2.83,6.08,3.09,218.17,6.26,10.6,305,-,-,-,-,-,
48,Shen,24,77.4%,6,18,9,7,11,38.9%,2.78,2.56,5.94,3.41,181.56,5.37,10.1,299,-,-,-,-,-,
49,Sona,23,74.2%,7,16,7,12,4,75%,1.31,2.13,11.69,6.12,23.88,0.67,8.8,247,-,-,-,-,-,
50,Orianna,22,71%,13,9,5,8,1,88.9%,4,1,6.89,10.89,281.44,8.84,12.1,381,-,-,-,-,-,
51,Karthus,21,67.7%,5,16,6,7,9,43.8%,4.25,2.88,5.56,3.41,283.31,8.14,12.2,349,-,-,-,-,-,
52,Maokai,21,67.7%,6,15,6,9,6,60%,1.73,2.13,9.53,5.28,103.87,2.96,9.5,271,-,-,-,-,-,
53,Skarner,21,67.7%,12,9,5,7,2,77.8%,1.56,2.44,6.89,3.45,115.89,3.31,9.4,268,-,-,-,-,-,
54,Anivia,19,61.3%,12,7,3,4,3,57.1%,3.71,1.57,6.43,6.45,308.86,8.55,12.8,355,-,-,-,-,-,
55,Alistar,19,61.3%,14,5,3,2,3,40%,0.6,4,6.6,1.8,26.6,0.8,6.8,204,-,-,-,-,-,
56,Irelia,17,54.8%,9,8,6,4,4,50%,2.5,3.25,4.5,2.15,232.38,7.15,10.4,321,-,-,-,-,-,
57,Blitzcrank,17,54.8%,12,5,5,3,2,60%,1,3,8.6,3.2,17.4,0.46,8.5,224,-,-,-,-,-,
58,Kog'Maw,14,45.2%,4,10,3,6,4,60%,3.4,2.2,5.3,3.95,232.6,7.03,10.6,321,-,-,-,-,-,
59,Vladimir,14,45.2%,5,9,5,5,4,55.6%,4,3,5.44,3.15,275.67,7.65,12.3,341,-,-,-,-,-,
60,Evelynn,14,45.2%,12,2,1,2,0,100%,7,2,9,8,209.5,6.53,12.1,376,-,-,-,-,-,
61,Nunu,13,41.9%,2,11,6,5,6,45.5%,0.73,2.55,5.82,2.57,20.64,0.63,6.8,210,-,-,-,-,-,
62,Yorick,11,35.5%,5,6,3,2,4,33.3%,2.33,2.67,4.67,2.63,209.33,6.24,9.5,282,-,-,-,-,-,
63,Corki,10,32.3%,-,10,7,5,5,50%,3.9,3.1,6.1,3.23,245.4,6.92,11.6,326,-,-,-,-,-,
64,Jax,10,32.3%,5,5,3,3,2,60%,3.2,2.8,5.8,3.21,199.2,6.07,10.2,310,-,-,-,-,-,
65,Dr. Mundo,7,22.6%,-,7,2,5,2,71.4%,0.71,1.71,6,3.92,123.71,3.8,8.4,258,-,-,-,-,-,
66,Graves,7,22.6%,-,7,4,3,4,42.9%,3.14,3.29,4.71,2.39,265.71,7.57,11.5,327,-,-,-,-,-,
67,Leona,7,22.6%,-,7,5,2,5,28.6%,1.14,4.43,8.29,2.13,18,0.53,7.2,211,-,-,-,-,-,
68,Olaf,7,22.6%,2,5,4,2,3,40%,4.6,3.8,7.4,3.16,179.6,4.89,11.3,308,-,-,-,-,-,
69,Lee Sin,7,22.6%,4,3,2,3,0,100%,4.33,3,14.33,6.22,124.67,3.59,10,287,-,-,-,-,-,
70,Nidalee,7,22.6%,4,3,2,3,0,100%,2.67,1.33,6.67,7,281.67,8.39,12.9,383,-,-,-,-,-,
71,Twisted Fate,7,22.6%,7,0,-,0,0,-,-,-,-,-,-,-,-,-,-,-,-,-,-,-
72,Taric,6,19.4%,-,6,5,2,4,33.3%,0.33,2.83,7.17,2.65,13.17,0.38,7,202,-,-,-,-,-,
73,Lulu,6,19.4%,-,6,4,1,5,16.7%,0.83,3.83,4.33,1.35,29.83,0.89,6.8,203,-,-,-,-,-,
74,Lux,6,19.4%,1,5,4,2,3,40%,1.6,1.4,5,4.71,179.4,5.35,10,299,-,-,-,-,-,
75,Shyvana,6,19.4%,1,5,5,0,5,0%,0.8,3.6,4.2,1.39,141.2,3.79,8.1,217,-,-,-,-,-,
76,Malphite,6,19.4%,2,4,3,2,2,50%,1.25,2.25,6.5,3.44,156.25,4.89,8.8,276,-,-,-,-,-,
77,Diana,6,19.4%,3,3,2,1,2,33.3%,3,3.33,4.67,2.3,208.33,5.88,10.2,288,-,-,-,-,-,
78,Udyr,5,16.1%,-,5,4,0,5,0%,0.6,3.8,2.2,0.74,128.4,4.06,7.4,233,-,-,-,-,-,
79,Morgana,5,16.1%,1,4,3,1,3,25%,3.25,2.25,3.5,3,251.5,7.22,10.5,302,-,-,-,-,-,
80,Vayne,4,12.9%,-,4,2,3,1,75%,7.25,2.75,6.5,5,230,7.47,11.7,381,-,-,-,-,-,
81,Zyra,4,12.9%,-,4,2,2,2,50%,0,2.75,9.5,3.45,42.5,1.2,7.8,220,-,-,-,-,-,
82,Cassiopeia,4,12.9%,-,4,2,1,3,25%,4.75,2.75,2.75,2.73,204.75,6.9,9.4,317,-,-,-,-,-,
83,Gragas,4,12.9%,2,2,2,0,2,0%,1,1.5,2.5,2.33,306,7.75,11.2,283,-,-,-,-,-,
84,Katarina,4,12.9%,3,1,1,0,1,0%,1,5,2,0.6,169,6.17,7.1,259,-,-,-,-,-,
85,Miss Fortune,3,9.7%,-,3,1,2,1,66.7%,3.33,3,5.33,2.89,235.33,6.92,11.6,341,-,-,-,-,-,
86,Caitlyn,3,9.7%,-,3,3,1,2,33.3%,2.67,1.33,2.33,3.75,297.67,8.97,11.7,352,-,-,-,-,-,
87,Ryze,3,9.7%,-,3,2,1,2,33.3%,2,3.67,4.33,1.73,172.67,6.44,7.6,284,-,-,-,-,-,
88,Cho'Gath,3,9.7%,1,2,2,1,1,50%,1.5,2,3.5,2.5,125.5,3.24,9.2,236,-,-,-,-,-,
89,Sivir,3,9.7%,3,0,-,0,0,-,-,-,-,-,-,-,-,-,-,-,-,-,-,-
90,Singed,2,6.5%,-,2,1,2,0,100%,3.5,1,6.5,10,287,8.17,13.2,376,-,-,-,-,-,
91,Xin Zhao,2,6.5%,-,2,2,2,0,100%,2,2.5,15.5,7,136,4.24,9.6,299,-,-,-,-,-,
92,Zilean,2,6.5%,-,2,1,1,1,50%,3.5,3.5,8,3.29,212,7.3,9.3,319,-,-,-,-,-,
93,Darius,2,6.5%,-,2,2,0,2,0%,2.5,4,2.5,1.25,188,5.05,8.8,238,-,-,-,-,-,
94,Nocturne,2,6.5%,-,2,2,0,2,0%,2.5,5.5,9,2.09,224.5,4.65,12.9,267,-,-,-,-,-,
95,Ahri,2,6.5%,1,1,1,1,0,100%,6,0,3,9,184,6.13,11.4,380,-,-,-,-,-,
96,Draven,2,6.5%,2,0,-,0,0,-,-,-,-,-,-,-,-,-,-,-,-,-,-,-
97,Amumu,1,3.2%,-,1,1,1,0,100%,4,6,16,3.33,145,3.47,12.4,297,-,-,-,-,-,
98,Soraka,1,3.2%,-,1,1,1,0,100%,1,0,11,12,12,0.34,8.3,232,-,-,-,-,-,
99,Jarvan IV,1,3.2%,-,1,1,0,1,0%,6,3,14,6.67,297,7.16,14,337,-,-,-,-,-,
100,Riven,1,3.2%,-,1,1,0,1,0%,2,6,1,0.5,242,5.97,10.2,251,-,-,-,-,-,
101,Swain,1,3.2%,-,1,1,0,1,0%,8,5,10,3.6,243,5.86,13.2,318,-,-,-,-,-,
102,Tristana,1,3.2%,-,1,1,0,1,0%,0,5,0,0,200,7.01,7,245,-,-,-,-,-,
103,Gangplank,1,3.2%,1,0,-,0,0,-,-,-,-,-,-,-,-,-,-,-,-,-,-,-
104,Twitch,1,3.2%,1,0,-,0,0,-,-,-,-,-,-,-,-,-,-,-,-,-,-,-
105,Zed,63,100%,52,11,9,6,5,54.5%,5.73,3.82,5.36,2.9,230.27,7.33,11.5,365,-,-,-,-,-,
106,Shen,61,96.8%,35,26,13,15,11,57.7%,2.88,2.27,10.12,5.73,201.92,6.08,10.9,329,-,-,-,-,-,
107,Corki,59,93.7%,26,33,12,16,17,48.5%,4.58,2.55,5.06,3.79,249.79,7.73,11.8,364,-,-,-,-,-,
108,Ahri,52,82.5%,26,26,10,12,14,46.2%,4.42,3,5.12,3.18,251.81,7.8,11.6,360,-,-,-,-,-,
109,Zyra,48,76.2%,6,42,12,23,19,54.8%,1.31,2.86,7.45,3.07,33.05,1.03,7,218,-,-,-,-,-,
110,Elise,48,76.2%,11,37,16,16,21,43.2%,2.22,2.95,6.38,2.92,113.08,3.45,8.4,257,-,-,-,-,-,
111,Sona,44,69.8%,8,36,12,13,23,36.1%,0.83,4.31,8.03,2.06,25,0.77,6.7,207,-,-,-,-,-,
112,Orianna,41,65.1%,20,21,10,12,9,57.1%,3.14,2.71,6.48,3.54,261.1,8.93,11,378,-,-,-,-,-,
113,Lee Sin,40,63.5%,14,26,10,16,10,61.5%,2.62,2.15,8,4.93,95.5,3,8.4,265,-,-,-,-,-,
114,Thresh,40,63.5%,22,18,9,9,9,50%,1.33,3.72,8.78,2.72,21.72,0.69,6.7,214,-,-,-,-,-,
115,Aatrox,36,57.1%,16,20,8,12,8,60%,2.35,2.45,5.9,3.37,140.75,4.67,8.6,286,-,-,-,-,-,
116,Fizz,34,54%,22,12,9,6,6,50%,6.25,3.67,5.08,3.09,245.67,6.97,12.6,356,-,-,-,-,-,
117,Renekton,32,50.8%,11,21,8,14,7,66.7%,2.48,1.95,5.52,4.1,228.86,7.14,10.7,333,-,-,-,-,-,
118,Caitlyn,32,50.8%,12,20,9,12,8,60%,4.8,1.9,5.3,5.32,267.8,8.16,12.4,378,-,-,-,-,-,
119,Vi,30,47.6%,17,13,5,7,6,53.8%,2.46,2.77,6.46,3.22,114.62,3.62,8.6,271,-,-,-,-,-,
120,Jarvan IV,26,41.3%,1,25,11,11,14,44%,1.68,3.4,8.84,3.09,96.6,3.04,8,251,-,-,-,-,-,
121,Ezreal,22,34.9%,-,22,12,11,11,50%,5.27,2.45,5.27,4.3,237.86,7.77,11.6,378,-,-,-,-,-,
122,Vayne,22,34.9%,6,16,7,8,8,50%,4,2.63,5.19,3.5,216.75,7.1,10.7,350,-,-,-,-,-,
123,Kassadin,19,30.2%,12,7,5,5,2,71.4%,7.57,2.14,7.43,7,233.14,6.99,12.6,376,-,-,-,-,-,
124,Gragas,18,28.6%,2,16,9,7,9,43.8%,2.69,1.75,3.69,3.64,287.06,8.62,11.8,354,-,-,-,-,-,
125,Zac,17,27%,2,15,6,7,8,46.7%,2.07,2.2,6.2,3.76,190.53,6.35,9.2,307,-,-,-,-,-,
126,Varus,15,23.8%,-,15,8,6,9,40%,5.07,3.33,7,3.62,238,6.85,12,345,-,-,-,-,-,
127,Kennen,15,23.8%,9,6,5,2,4,33.3%,0.83,4.67,4.83,1.21,191.5,5.87,9,277,-,-,-,-,-,
128,Jax,14,22.2%,4,10,4,7,3,70%,3.9,2.6,4.1,3.08,204.8,6.53,10.9,349,-,-,-,-,-,
129,Annie,12,19%,7,5,4,3,2,60%,1.6,5.6,9,1.89,25.2,0.75,7.4,220,-,-,-,-,-,
130,Leona,11,17.5%,1,10,4,7,3,70%,1.1,3.2,10.5,3.63,29.1,0.88,7.3,221,-,-,-,-,-,
131,Twisted Fate,11,17.5%,5,6,4,2,4,33.3%,2,3.17,4.83,2.16,271.67,8.02,12.9,381,-,-,-,-,-,
132,Evelynn,11,17.5%,7,4,2,3,1,75%,5.75,3.25,10.5,5,136.25,3.9,10.6,302,-,-,-,-,-,
133,Rumble,10,15.9%,2,8,5,2,6,25%,2.5,5,8.63,2.23,193.25,5.27,9.8,268,-,-,-,-,-,
134,Lissandra,10,15.9%,4,6,5,3,3,50%,2.83,3,5.17,2.67,231.67,8.1,9.9,346,-,-,-,-,-,
135,Kog'Maw,8,12.7%,1,7,3,5,2,71.4%,4,1.43,5.71,6.8,248.57,7.69,11.8,364,-,-,-,-,-,
136,Fiddlesticks,8,12.7%,2,6,5,4,2,66.7%,1.33,4,11.5,3.21,24.17,0.82,7.2,245,-,-,-,-,-,
137,Twitch,8,12.7%,5,3,2,1,2,33.3%,5,3,6,3.67,254,7.43,12.6,368,-,-,-,-,-,
138,Ashe,7,11.1%,1,6,3,3,3,50%,3.67,2.83,8,4.12,195.5,6.42,10.7,351,-,-,-,-,-,
139,Nocturne,7,11.1%,2,5,3,1,4,20%,1.8,3,4.4,2.07,150.4,4.88,8.5,277,-,-,-,-,-,
140,Vladimir,6,9.5%,-,6,5,2,4,33.3%,2,4.5,3.17,1.15,224.83,7.38,9.8,323,-,-,-,-,-,
141,Singed,6,9.5%,1,5,3,3,2,60%,1.6,2,7.2,4.4,234.8,7.14,10.8,329,-,-,-,-,-,
142,Lulu,5,7.9%,-,5,4,1,4,20%,0,3.6,3.4,0.94,15.8,0.53,5.2,173,-,-,-,-,-,
143,Ryze,5,7.9%,-,5,2,1,4,20%,3.4,4.4,3.8,1.64,218.8,7.33,9.7,324,-,-,-,-,-,
144,Karthus,5,7.9%,2,3,3,1,2,33.3%,5.33,5,5.33,2.13,276.67,7.92,12.4,355,-,-,-,-,-,
145,Nasus,4,6.3%,-,4,3,2,2,50%,1.5,3.5,5.5,2,183.75,6.15,9.1,305,-,-,-,-,-,
146,Nidalee,3,4.8%,-,3,3,2,1,66.7%,2.33,1.67,2.67,3,250.67,7.41,11.7,345,-,-,-,-,-,
147,Diana,3,4.8%,-,3,3,1,2,33.3%,3.33,3.33,4.67,2.4,249,7.85,10.9,345,-,-,-,-,-,
148,Nunu,3,4.8%,-,3,2,1,2,33.3%,1.67,3.67,9.67,3.09,85.33,2.27,9.6,256,-,-,-,-,-,
149,Tristana,3,4.8%,-,3,3,1,2,33.3%,3.33,2.33,2.67,2.57,264.33,7.6,11.7,337,-,-,-,-,-,
150,Malphite,3,4.8%,-,3,3,0,3,0%,1.67,2.67,3.67,2,177,5.91,7.8,260,-,-,-,-,-,
151,Yorick,3,4.8%,1,2,2,1,1,50%,1,2,4.5,2.75,190.5,5.58,9.9,290,-,-,-,-,-,
152,Riven,2,3.2%,-,2,1,2,0,100%,3.5,3,7,3.5,241,7.57,11.9,374,-,-,-,-,-,
153,Nami,2,3.2%,-,2,1,1,1,50%,0,2,10.5,5.25,27.5,0.75,7,191,-,-,-,-,-,
154,Syndra,2,3.2%,-,2,1,1,1,50%,9,3.5,7.5,4.71,271,9.12,13,438,-,-,-,-,-,
155,Shyvana,2,3.2%,-,2,2,0,2,0%,0.5,4.5,1.5,0.44,225.5,6.87,9.2,280,-,-,-,-,-,
156,Blitzcrank,1,1.6%,-,1,1,1,0,100%,4,2,12,8,14,0.47,8.7,290,-,-,-,-,-,
157,Cassiopeia,1,1.6%,-,1,1,1,0,100%,6,0,3,9,319,8.65,15.7,426,-,-,-,-,-,
158,Jayce,1,1.6%,-,1,1,1,0,100%,6,2,11,8.5,237,8.2,13.3,460,-,-,-,-,-,
159,Kayle,1,1.6%,-,1,1,1,0,100%,7,10,13,2,307,6.15,18.4,369,-,-,-,-,-,
160,Sivir,1,1.6%,-,1,1,1,0,100%,7,2,19,13,172,5.73,12.4,413,-,-,-,-,-,
161,Tryndamere,1,1.6%,-,1,1,1,0,100%,5,2,5,5,264,7.67,14,407,-,-,-,-,-,
162,Veigar,1,1.6%,-,1,1,1,0,100%,1,1,4,5,25,0.68,8.8,239,-,-,-,-,-,
163,Volibear,1,1.6%,-,1,1,1,0,100%,8,3,14,7.33,96,2.67,11.7,326,-,-,-,-,-,
164,Dr. Mundo,1,1.6%,-,1,1,0,1,0%,1,7,1,0.29,99,4.14,5.3,221,-,-,-,-,-,
165,Hecarim,1,1.6%,-,1,1,0,1,0%,8,2,7,7.5,173,5.03,11.3,328,-,-,-,-,-,
166,Karma,1,1.6%,-,1,1,0,1,0%,3,7,3,0.86,85,3.55,6.2,259,-,-,-,-,-,
167,Miss Fortune,1,1.6%,-,1,1,0,1,0%,1,3,2,1,214,6.58,9.2,283,-,-,-,-,-,
168,Soraka,1,1.6%,-,1,1,0,1,0%,0,8,8,1,120,4,6.4,213,-,-,-,-,-,
169,Swain,1,1.6%,-,1,1,0,1,0%,2,5,4,1.2,263,7.55,10.7,307,-,-,-,-,-,
170,Teemo,1,1.6%,-,1,1,0,1,0%,3,6,8,1.83,164,4.77,9.3,270,-,-,-,-,-,
171,Xin Zhao,1,1.6%,-,1,1,0,1,0%,1,6,1,0.33,94,2.89,7,215,-,-,-,-,-,
172,Zilean,1,1.6%,-,1,1,0,1,0%,5,7,4,1.29,96,3.2,8.2,273,-,-,-,-,-,
173,Ziggs,1,1.6%,1,0,-,0,0,-,-,-,-,-,-,-,-,-,-,-,-,-,-,-
174,Alistar,78,100%,73,5,5,4,1,80%,2,2.6,8.2,3.92,163.8,5.31,10.1,327,-,-,72.9%,14.3%,19.4%,
175,Zilean,75,96.2%,62,13,11,6,7,46.2%,2.23,2.62,7.08,3.56,150.08,4.21,10.8,302,-,-,68.8%,16.5%,18.7%,
176,Lee Sin,72,92.3%,29,43,16,24,19,55.8%,2.91,2.74,7.21,3.69,102.6,2.84,10.4,287,-,-,65.9%,18.9%,17.5%,
177,Maokai,72,92.3%,45,27,12,17,10,63%,2.7,3.11,9.59,3.95,221.52,6.16,12.3,342,-,-,67.9%,14.9%,19.9%,
178,Ryze,68,87.2%,31,37,14,22,15,59.5%,3.49,3.16,5.54,2.85,232.95,6.65,12.3,351,-,-,61.6%,23.8%,21%,
179,Kha'Zix,66,84.6%,8,58,18,25,33,43.1%,2.98,2.57,4.79,3.03,137.84,3.8,10.8,299,-,-,61.1%,23.4%,18.8%,
180,Thresh,63,80.8%,19,44,15,24,20,54.5%,0.8,3.34,9.84,3.18,31.27,0.88,8.4,237,-,-,68.1%,5.1%,14.3%,
181,Lucian,61,78.2%,17,44,15,23,21,52.3%,4.77,2.36,4.93,4.11,325.05,8.68,15.1,404,-,-,69%,33.9%,24.6%,
182,Janna,53,67.9%,8,45,14,28,17,62.2%,0.33,2.11,11.13,5.43,19.87,0.55,9.2,255,-,-,73.5%,2.1%,15.3%,
183,Rumble,40,51.3%,15,25,11,13,12,52%,2.72,3.76,7.88,2.82,211,5.34,12.3,310,-,-,63.7%,16.3%,19.2%,
184,Tristana,39,50%,7,32,15,12,20,37.5%,3.94,2.19,3.41,3.36,299.78,8.73,13.3,388,-,-,68.3%,36.6%,25.1%,
185,Zed,38,48.7%,19,19,9,9,10,47.4%,4.53,3.58,4.32,2.47,306.79,7.88,14.4,369,-,-,63.2%,32.3%,23.2%,
186,Twitch,35,44.9%,11,24,9,17,7,70.8%,5.96,2.42,7.58,5.6,225.63,6.6,13.1,383,-,-,63.6%,28%,21.6%,
187,Rengar,33,42.3%,19,14,6,12,2,85.7%,4.36,2.43,9.57,5.74,117.07,3.42,11.6,338,-,-,65%,20.3%,18.3%,
188,Orianna,32,41%,5,27,12,14,13,51.9%,3.22,2.7,5.7,3.3,300.63,8.41,13.2,368,-,-,73.5%,26.5%,23.2%,
189,Yasuo,30,38.5%,15,15,8,10,5,66.7%,4.07,2.27,6,4.44,285.73,8.89,13,405,-,-,59.7%,24.1%,23.4%,
190,Nami,29,37.2%,3,26,12,10,16,38.5%,0.88,3.27,8.15,2.76,18.58,0.48,9.2,239,-,-,73.7%,7.2%,15.2%,
191,Syndra,25,32.1%,11,14,9,5,9,35.7%,4.21,3.64,5.07,2.55,337.21,8.13,15.1,365,-,-,64.4%,29.2%,23.5%,
192,Nidalee,25,32.1%,17,8,6,1,7,12.5%,2.25,5.25,2.75,0.95,231.38,6.21,11.5,309,-,-,48.2%,21.7%,20.7%,
193,Fizz,24,30.8%,11,13,7,5,8,38.5%,5,3.08,4.31,3.03,247.08,7.46,12.1,365,-,-,62.7%,33.7%,23%,
194,Corki,22,28.2%,-,22,7,12,10,54.5%,4.14,2.36,5.32,4,275.45,7.82,13.3,379,-,-,63%,27.6%,22.8%,
195,Irelia,21,26.9%,6,15,7,10,5,66.7%,3,1.4,6.2,6.57,238.27,6.77,12.3,351,-,-,63.6%,20.7%,20.9%,
196,Jayce,20,25.6%,8,12,6,7,5,58.3%,3.83,2.5,6.67,4.2,244.08,7.26,12.6,375,-,-,66%,24.1%,21.9%,
197,Jarvan IV,18,23.1%,1,17,10,6,11,35.3%,1.71,3.59,8.94,2.97,112.76,3.15,10.1,282,-,-,79.7%,12.8%,17.9%,
198,Kog'Maw,17,21.8%,1,16,9,7,9,43.8%,3.63,2.5,5.25,3.55,294.69,7.21,14.6,357,-,-,71.4%,29.1%,22.9%,
199,Lulu,17,21.8%,2,15,10,5,10,33.3%,1.27,2.6,4,2.03,243.07,6.72,11.4,316,-,-,64.2%,15.4%,20.9%,
200,Elise,16,20.5%,1,15,9,5,10,33.3%,1.47,3.33,4.07,1.66,114.8,2.96,10.1,260,-,-,52.2%,13.8%,16.9%,
201,Kayle,15,19.2%,2,13,10,5,8,38.5%,1.62,3.08,6.62,2.68,221.54,6.19,11.3,316,-,-,68.2%,13.4%,20.6%,
202,Twisted Fate,14,17.9%,6,8,4,3,5,37.5%,4.88,3.38,6.63,3.41,296.25,8.7,14.9,439,-,-,68.1%,28.9%,25.9%,
203,Ahri,13,16.7%,1,12,8,5,7,41.7%,3.58,2.58,4.58,3.16,300.25,7.72,14,361,-,-,69%,30.3%,23%,
204,Braum,12,15.4%,-,12,9,6,6,50%,0.08,3.75,9.42,2.53,36.75,1.14,7.8,242,-,-,69.1%,0.6%,14.8%,
205,Morgana,12,15.4%,-,12,6,6,6,50%,0.5,3.17,8.75,2.92,24.83,0.63,10.2,261,-,-,67.3%,3.6%,15.9%,
206,Dr. Mundo,10,12.8%,-,10,5,1,9,10%,1.7,3.1,3.2,1.58,230.8,6.32,11,302,-,-,53.3%,18.5%,20.6%,
207,Kassadin,10,12.8%,2,8,6,5,3,62.5%,4.38,2.5,6.75,4.45,246.88,6.96,13,367,-,-,63.6%,25%,21.6%,
208,Jinx,10,12.8%,3,7,3,2,5,28.6%,1.71,4.29,5,1.57,227.43,6.72,10.8,318,-,-,61%,15.6%,22.2%,
209,Talon,7,9%,-,7,4,3,4,42.9%,2.86,5.29,5,1.49,258.57,7.69,12.2,363,-,-,53.4%,19.4%,22.2%,
210,Xerath,6,7.7%,-,6,6,2,4,33.3%,1.5,1.67,2.5,2.4,332.83,8.96,13,350,-,-,64.9%,24.3%,23.8%,
211,Aatrox,6,7.7%,6,0,-,0,0,-,-,-,-,-,-,-,-,-,-,-,-,-,-,-
212,Vayne,4,5.1%,-,4,3,3,1,75%,5.25,0.75,4.75,13.33,293,8.67,13.8,408,-,-,63.5%,33.3%,23.8%,
213,Leona,3,3.8%,-,3,2,1,2,33.3%,1.67,3.33,5.33,2.1,40.67,1.05,7.7,200,-,-,45.7%,10.9%,13.6%,
214,Pantheon,3,3.8%,-,3,2,1,2,33.3%,5,5,3.67,1.73,85,3.05,8.3,299,-,-,60.5%,34.9%,19.1%,
215,Blitzcrank,3,3.8%,-,3,1,0,3,0%,1.33,6.33,7,1.32,23.33,0.8,6.3,216,-,-,71.4%,11.4%,15.7%,
216,Sona,3,3.8%,-,3,2,0,3,0%,0.33,4,4.33,1.17,12,0.4,6.2,207,-,-,73.7%,5.3%,14.3%,
217,Rammus,3,3.8%,1,2,2,2,0,100%,2,3,11.5,4.5,97.5,2.62,10.7,286,-,-,71.1%,10.5%,16.2%,
218,Evelynn,2,2.6%,-,2,2,2,0,100%,3,1,12,15,113.5,2.97,12.8,334,-,-,63.8%,12.8%,18.8%,
219,Caitlyn,2,2.6%,-,2,1,1,1,50%,5.5,2,4,4.75,487.5,9.43,21.4,414,-,-,63.3%,36.7%,25.1%,
220,Graves,2,2.6%,-,2,2,1,1,50%,3.5,2.5,6,3.8,252.5,7.62,12,362,-,-,51.4%,18.9%,22.3%,
221,Singed,2,2.6%,-,2,1,1,1,50%,3.5,2.5,13,6.6,277.5,8.23,13.3,395,-,-,70.2%,14.9%,22%,
222,Ziggs,2,2.6%,-,2,2,1,1,50%,2,1.5,5,4.67,354.5,8.43,14.7,348,-,-,50%,14.3%,22.6%,
223,Ezreal,2,2.6%,-,2,2,0,2,0%,3,1,2,5,226.5,6.37,10.8,305,-,-,47.6%,28.6%,22.1%,
224,Akali,1,1.3%,-,1,1,1,0,100%,9,0,8,17,188,6.52,12.8,444,-,-,70.8%,37.5%,21.6%,
225,Fiddlesticks,1,1.3%,-,1,1,1,0,100%,5,4,10,3.75,112,2.6,12.3,286,-,-,75%,25%,17.9%,
226,Katarina,1,1.3%,-,1,1,1,0,100%,12,2,16,14,195,6.65,14.7,501,-,-,71.8%,30.8%,21.9%,
227,Lissandra,1,1.3%,-,1,1,1,0,100%,4,2,11,7.5,363,9.66,16.6,442,-,-,57.7%,15.4%,22.4%,
228,Riven,1,1.3%,-,1,1,1,0,100%,0,2,4,2,345,7.62,16.3,360,-,-,36.4%,0%,21.3%,
229,Swain,1,1.3%,-,1,1,1,0,100%,1,8,9,1.25,211,4.17,13.6,269,-,-,47.6%,4.8%,16.1%,
230,Galio,1,1.3%,-,1,1,0,1,0%,0,7,3,0.43,165,5.07,7.9,243,-,-,27.3%,0%,17%,
231,Nunu,1,1.3%,-,1,1,0,1,0%,0,5,2,0.4,93,2.8,7.4,223,-,-,100%,0%,16.7%,
232,Varus,1,1.3%,-,1,1,0,1,0%,3,3,0,1,221,7.67,9.1,316,-,-,100%,100%,26.9%,
233,Vi,1,1.3%,-,1,1,0,1,0%,0,7,1,0.14,112,3.23,7.5,216,-,-,50%,0%,16.9%,
234,Gragas,1,1.3%,1,0,-,0,0,-,-,-,-,-,-,-,-,-,-,-,-,-,-,-
235,Gangplank,73,100%,69,4,4,4,0,100%,3.5,1.25,6.25,7.8,225.25,7.77,12.6,434,-,-,66.1%,23.7%,23.4%,
236,Mordekaiser,72,98.6%,68,4,4,4,0,100%,6.5,1,11.25,17.75,246.25,7.37,14,420,-,-,84.5%,31%,22.6%,
237,Elise,71,97.3%,32,39,14,26,13,66.7%,2.46,2.36,6.41,3.76,107.56,3,10.8,301,-,-,62.1%,17.2%,17.9%,
238,Lulu,69,94.5%,43,26,16,13,13,50%,1.96,1.96,7.15,4.65,270.85,7.5,12.4,344,-,-,74.3%,16%,21.5%,
239,Rek'Sai,56,76.7%,19,37,10,15,22,40.5%,1.35,2.54,7.54,3.5,122.62,3.35,11,300,-,-,72.6%,11%,18.4%,
240,Kalista,54,74%,25,29,13,14,15,48.3%,4.34,2.24,4.9,4.12,295.76,8.39,13.5,383,-,-,74.7%,35.1%,23.7%,
241,Darius,53,72.6%,15,38,16,19,19,50%,3.61,3.34,3.76,2.2,235.82,6.83,11.8,341,-,-,56.9%,27.8%,20.8%,
242,Azir,42,57.5%,28,14,8,10,4,71.4%,3.5,2.64,6.43,3.76,316.43,8.92,14,394,-,-,71.6%,25.3%,22.9%,
243,Thresh,35,47.9%,6,29,14,13,16,44.8%,0.76,3.03,8.24,2.97,33.48,0.95,7.7,219,-,-,70%,5.9%,13.4%,
244,Tahm Kench,34,46.6%,20,14,7,10,4,71.4%,0.79,2.43,9.79,4.35,40.07,1.09,8.6,232,-,-,63.8%,4.7%,13.7%,
245,Alistar,33,45.2%,3,30,11,15,15,50%,0.3,2.73,9.67,3.65,40.43,1.12,8.2,227,-,-,80.2%,2.4%,13.9%,
246,Jinx,33,45.2%,4,29,13,15,14,51.7%,5.07,2.34,5.21,4.38,332.79,8.83,15.3,407,-,-,73%,36%,24.8%,
247,Gragas,33,45.2%,4,29,12,13,16,44.8%,1.28,3.03,6.97,2.72,109.76,3.02,10.1,278,-,-,64.9%,10.1%,17.1%,
248,Lee Sin,28,38.4%,10,18,7,9,9,50%,2.5,2.78,8,3.78,91.67,2.77,9.7,292,-,-,75.3%,17.9%,17.8%,
249,Twisted Fate,28,38.4%,16,12,8,7,5,58.3%,3.83,2.58,6.92,4.16,275,8.37,13.8,420,-,-,75.9%,27.1%,24.9%,
250,Tristana,27,37%,-,27,11,11,16,40.7%,3.3,2.15,4.19,3.48,297.7,8.48,13.5,384,-,-,71.1%,31.3%,24.3%,
251,Braum,24,32.9%,3,21,14,8,13,38.1%,0.48,2.9,8.1,2.95,40.14,1.18,7.6,223,-,-,78.6%,4.4%,13.9%,
252,Fiora,23,31.5%,4,19,6,11,8,57.9%,3.63,2.95,4.05,2.61,294.37,8.15,13.7,380,-,-,61.3%,29%,22.9%,
253,Gnar,21,28.8%,2,19,12,8,11,42.1%,2.63,3.26,6.63,2.84,237.58,6.58,12,333,-,-,65.7%,18.7%,20.4%,
254,Kennen,21,28.8%,5,16,10,8,8,50%,2.75,3.69,6.69,2.56,197.81,5.11,12.3,318,-,-,57.2%,16.7%,18.7%,
255,Morgana,20,27.4%,2,18,8,8,10,44.4%,0.33,2.72,8.61,3.29,36.33,0.99,8.8,239,-,-,72.5%,2.7%,14.7%,
256,Sivir,19,26%,-,19,8,9,10,47.4%,3.37,2.37,6.47,4.16,324.63,9.05,14.6,408,-,-,77.9%,26.7%,24.5%,
257,Viktor,18,24.7%,1,17,8,8,9,47.1%,3.76,1.82,4.12,4.32,330.71,9.33,13.9,392,-,-,62%,29.6%,23.9%,
258,Veigar,18,24.7%,10,8,5,3,5,37.5%,3.88,3,5.38,3.08,297.5,8.17,13.4,367,-,-,78.7%,33%,23.1%,
259,LeBlanc,17,23.3%,6,11,6,6,5,54.5%,5.09,1.45,4.91,6.88,314.91,8.16,14.5,375,-,-,65.5%,33.3%,22.5%,
260,Shen,15,20.5%,3,12,5,10,2,83.3%,0.92,2.75,11.08,4.36,69.92,1.87,9.6,258,-,-,69.6%,5.3%,14.5%,
261,Malphite,14,19.2%,4,10,7,3,7,30%,1.8,1.8,5.2,3.89,247.5,6.29,12.1,307,-,-,57.9%,14.9%,19.6%,
262,Ashe,13,17.8%,4,9,3,5,4,55.6%,3,1.56,6.44,6.07,293.11,8.6,13.3,390,-,-,65.4%,20.8%,23.1%,
263,Orianna,12,16.4%,-,12,6,3,9,25%,2.58,3.08,4.5,2.3,362.25,9.32,14.8,381,-,-,69.7%,25.4%,24.1%,
264,Olaf,12,16.4%,2,10,7,4,6,40%,4.3,2.6,4.6,3.42,236.7,6.67,12,339,-,-,65.9%,31.9%,21%,
265,Yasuo,12,16.4%,6,6,6,2,4,33.3%,3.33,4,6.5,2.46,302.17,8.49,13.3,374,-,-,79.7%,27%,23.8%,
266,Riven,10,13.7%,-,10,5,5,5,50%,3.4,3.6,4.1,2.08,286.8,8.2,13.3,380,-,-,59.5%,27%,22.5%,
267,Annie,10,13.7%,1,9,7,4,5,44.4%,1.22,3,8,3.07,18.89,0.53,8.3,231,-,-,75.5%,10%,14.4%,
268,Renekton,10,13.7%,4,6,3,4,2,66.7%,3.67,1.83,4.17,4.27,309.67,8.85,13.9,397,-,-,55.3%,25.9%,22.6%,
269,Ekko,9,12.3%,-,9,9,3,6,33.3%,3.11,3.44,6.89,2.9,282.89,7.61,13.4,360,-,-,68.2%,21.2%,21.9%,
270,Fizz,9,12.3%,5,4,1,2,2,50%,4,2,3.75,3.88,263.5,7.37,12.4,347,-,-,59.6%,30.8%,21.5%,
271,Kog'Maw,8,11%,1,7,4,3,4,42.9%,6,2.57,5.43,4.44,362,8.56,16.7,395,-,-,81.6%,42.9%,24.2%,
272,Ryze,8,11%,2,6,2,5,1,83.3%,4.83,1.33,5.17,7.5,244.33,8.44,11.8,406,-,-,65.2%,31.5%,22.2%,
273,Kassadin,7,9.6%,-,7,3,5,2,71.4%,5.29,1.86,8,7.15,292.29,7.48,14.5,372,-,-,74.4%,29.6%,22%,
274,Vayne,7,9.6%,1,6,5,2,4,33.3%,4.33,2.83,3.83,2.88,239.5,7.47,11.8,367,-,-,60.5%,32.1%,23.2%,
275,Anivia,6,8.2%,-,6,2,4,2,66.7%,1.5,2.67,4,2.06,368.67,9.29,14.8,373,-,-,55%,15%,23.2%,
276,Rumble,6,8.2%,1,5,1,4,1,80%,5.8,3,5.8,3.87,272.2,7.88,13.6,394,-,-,59.8%,29.9%,22.2%,
277,Diana,6,8.2%,2,4,3,2,2,50%,3.75,3.75,5.75,2.53,316,8.47,14.4,387,-,-,58.5%,23.1%,22.7%,
278,Nidalee,6,8.2%,3,3,3,3,0,100%,4,2,9.33,6.67,169.33,4.31,14.8,377,-,-,63.5%,19%,20.2%,
279,Varus,6,8.2%,4,2,2,1,1,50%,2,5,6,1.6,281,8.14,12.4,361,-,-,84.2%,21.1%,22%,
280,Jarvan IV,5,6.8%,-,5,3,4,1,80%,2.2,3.4,10.2,3.65,132.8,3.46,11.9,310,-,-,74.7%,13.3%,17.6%,
281,Caitlyn,5,6.8%,-,5,3,3,2,60%,2.4,1.6,3.6,3.75,332.8,8.71,14.7,386,-,-,57.7%,23.1%,23.7%,
282,Hecarim,5,6.8%,-,5,4,2,3,40%,3.4,2.4,6.4,4.08,246.8,7.25,12.4,365,-,-,81.7%,28.3%,22.1%,
283,Lissandra,4,5.5%,-,4,4,2,2,50%,2.75,3.75,9.75,3.33,272.25,8.14,12.6,375,-,-,73.5%,16.2%,22%,
284,Evelynn,4,5.5%,-,4,3,1,3,25%,1.25,4,5,1.56,103,2.69,10,261,-,-,62.5%,12.5%,17.1%,
285,Janna,3,4.1%,-,3,3,2,1,66.7%,0,2,13.33,6.67,17.33,0.43,9.6,237,-,-,81.6%,0%,14.1%,
286,Ahri,3,4.1%,-,3,3,1,2,33.3%,3,1,8,11,357,9.08,15.3,389,-,-,86.8%,23.7%,23.7%,
287,Skarner,3,4.1%,-,3,3,1,2,33.3%,0.67,1.67,4.67,3.2,96.67,3.02,8.9,279,-,-,69.6%,8.7%,17.2%,
288,Maokai,3,4.1%,-,3,2,0,3,0%,0.67,3.33,2.33,0.9,157.33,5.22,7.7,257,-,-,69.2%,15.4%,18.5%,
289,Zac,2,2.7%,-,2,1,2,0,100%,0,2,15.5,7.75,95.5,2.16,11.7,263,-,-,64.6%,0%,15.1%,
290,Bard,2,2.7%,-,2,2,0,2,0%,1.5,5,7,1.7,30.5,0.86,8,224,-,-,60.7%,10.7%,14.4%,
291,Irelia,2,2.7%,-,2,2,0,2,0%,2.5,4.5,1.5,0.89,228,6.65,10.3,299,-,-,61.5%,38.5%,22.1%,
292,Rengar,2,2.7%,-,2,2,0,2,0%,2,3,4,2,95.5,3.15,8.7,285,-,-,70.6%,23.5%,18.9%,
293,Zed,2,2.7%,-,2,2,0,2,0%,3.5,3,3.5,2.33,250,7.17,12.2,348,-,-,58.3%,29.2%,22.9%,
294,Draven,1,1.4%,-,1,1,1,0,100%,5,1,7,12,241,7.17,14.6,435,-,-,57.1%,23.8%,23%,
295,Graves,1,1.4%,-,1,1,1,0,100%,9,2,6,7.5,356,8.97,17.3,436,-,-,68.2%,40.9%,23.8%,
296,Karthus,1,1.4%,-,1,1,1,0,100%,4,3,10,4.67,274,9.17,12.8,428,-,-,73.7%,21.1%,23%,
297,Leona,1,1.4%,-,1,1,1,0,100%,0,3,7,2.33,60,2.42,7,283,-,-,43.8%,0%,14.6%,
298,Lucian,1,1.4%,-,1,1,1,0,100%,7,4,11,4.5,295,8.03,15.3,417,-,-,81.8%,31.8%,22.3%,
299,Vladimir,1,1.4%,-,1,1,1,0,100%,0,3,8,2.67,318,7.31,14.9,343,-,-,50%,0%,19.9%,
300,Blitzcrank,1,1.4%,-,1,1,0,1,0%,1,5,2,0.6,16,0.55,5.8,198,-,-,75%,25%,14.5%,
301,Brand,1,1.4%,-,1,1,0,1,0%,1,6,10,1.83,29,0.83,8.6,246,-,-,78.6%,7.1%,15.2%,
302,Cassiopeia,1,1.4%,-,1,1,0,1,0%,1,1,4,5,341,8.61,13.2,333,-,-,50%,10%,21.9%,
303,Jayce,1,1.4%,-,1,1,0,1,0%,1,2,7,4,359,9.33,14.7,382,-,-,50%,6.3%,22.4%,
304,Nautilus,1,1.4%,-,1,1,0,1,0%,0,6,9,1.5,72,1.66,9.4,217,-,-,50%,0%,12.7%,
305,Nunu,1,1.4%,-,1,1,0,1,0%,1,5,11,2.4,92,2.63,10,286,-,-,85.7%,7.1%,17.7%,
306,Syndra,1,1.4%,-,1,1,0,1,0%,2,1,3,5,510,9.2,19.8,357,-,-,83.3%,33.3%,25.1%,
307,Twitch,1,1.4%,-,1,1,0,1,0%,4,4,2,1.5,213,6.43,10.4,314,-,-,50%,33.3%,20.8%,
308,Vi,1,1.4%,-,1,1,0,1,0%,0,6,1,0.17,128,2.94,10.6,244,-,-,10%,0%,16%,
